{
	"order1":
	{
		"ID":1,
		"Latitude":22.534915668215564,
		"Longitude":88.36375618253801
	},
	"order2":
	{
		"ID":2,
		"Latitude":22.537152107045355,
		"Longitude":88.35949801410814
	},
	"order3":
	{
		"ID":3,
		"Latitude":22.538102048963353,
		"Longitude":88.36447806964026
	},
	"order4":
	{
		"ID":4,
		"Latitude":22.52655231178586,
		"Longitude":88.36464046276582
	},
	"order5":
	{
		"ID":5,
		"Latitude":22.531868977414764,
		"Longitude":88.36361197303634
	},
	"order6":
	{
		"ID":6,
		"Latitude":22.53434090743829,
		"Longitude":88.36166405950915
	},
	"order7":
	{
		"ID":7,
		"Latitude":22.534697655790154,
		"Longitude":88.36761856348906
	},
	"order8":
	{
		"ID":8,
		"Latitude":22.53067427371484,
		"Longitude":88.3612027195551
	},
	"order9":
	{
		"ID":9,
		"Latitude":22.536857945590828,
		"Longitude":88.36226487432391
	},
	"order10":
	{
		"ID":10,
		"Latitude":22.536907493124936,
		"Longitude":88.36727524073581
	}
}